,SNR,"Bagging, Noiseless","Bagging, Non-Robust","Bagging, Robust"
0,-40.0,-1.2102407017917733,18.114007948093874,17.426640623673816
1,-30.0,-1.2102407017917733,12.875880758285662,12.471108243102101
2,-20.0,-1.2102407017917733,8.330994676851889,7.485123084090696
3,-10.0,-1.2102407017917733,3.5451779766282203,2.829780132155923
4,0.0,-1.2102407017917733,0.00814003299186778,-0.27987988516576434
5,10.0,-1.2102407017917733,-1.0702821741343465,-1.099549650415649
6,20.0,-1.2102407017917733,-1.2013581109847489,-1.204588874801181
