,SNR,"Bagging, Noiseless","Bagging, Non-Robust","Bagging, Robust"
0,-40.0,0.7865274043251607,23.651811506018227,19.993348633330324
1,-30.0,0.7865274043251607,18.59878631460012,15.01021857465645
2,-20.0,0.7865274043251607,13.493269914481596,10.00077925737773
3,-10.0,0.7865274043251607,8.521391197862743,5.310645978881592
4,0.0,0.7865274043251607,4.063773120583861,1.940881070869157
5,10.0,0.7865274043251607,1.483908654919294,0.954425539786078
6,20.0,0.7865274043251607,0.906329630309251,0.833857184363359
