,SNR,"Bagging, Noiseless","Bagging, Non-Robust","Bagging, Robust"
0,-40.0,0.8357762254213033,20.024717555520194,19.996734753764695
1,-30.0,0.8357762254213033,15.022330094698209,14.997414052244103
2,-20.0,0.8357762254213033,10.06916139667334,10.049486684669706
3,-10.0,0.8357762254213033,5.306768713422687,5.3155903437825955
4,0.0,0.8357762254213033,1.9695246752264437,1.9674898164863963
5,10.0,0.8357762254213033,0.9625769412719692,0.9664003454010412
6,20.0,0.8357762254213033,0.8507664755150502,0.8482705826997612
