,SNR,"GradBoost, Noiseless","GradBoost, Non-Robust","GradBoost, Robust"
0,-40.0,-2.272562771588014,31.63687304358445,25.485483124056607
1,-30.0,-2.272562771588014,26.63683004904027,20.490706835598978
2,-20.0,-2.272562771588014,21.642865007279056,15.49826518065441
3,-10.0,-2.272562771588014,16.64250057951389,10.503885635613647
4,0.0,-2.272562771588014,11.646132276312972,5.622167762656085
5,10.0,-2.272562771588014,6.698013811952922,1.4875014712004462
6,20.0,-2.272562771588014,2.1614820124361724,-0.47296322605061225
