,SNR,"Bagging, Noiseless","Bagging, Non-Robust","Bagging, Robust"
0,-40.0,-0.21885578121744523,20.799489247921507,19.46837715152727
1,-30.0,-0.21885578121744523,15.951780702921267,14.464928532018204
2,-20.0,-0.21885578121744523,11.550129798627042,9.487345707866368
3,-10.0,-0.21885578121744523,6.431514675503275,4.703560929241672
4,0.0,-0.21885578121744523,2.1713228201502925,1.1376832290264087
5,10.0,-0.21885578121744523,0.13475766739142056,-0.03573259597164935
6,20.0,-0.21885578121744523,-0.17390572337548665,-0.20823501635746688
