,SNR,"Bagging, Noiseless","Bagging, Non-Robust","Bagging, Robust"
0,-40.0,0.8426012146150587,12.708940806895848,9.124319900456522
1,-30.0,0.8426012146150587,7.825222739592514,4.524646233635417
2,-20.0,0.8426012146150587,3.498378517611264,1.653019794890127
3,-10.0,0.8426012146150587,1.3163492559441066,0.966831908562099
4,0.0,0.8426012146150587,0.8921711347414812,0.8664383872105491
5,10.0,0.8426012146150587,0.8671751817753557,0.8489999743806069
6,20.0,0.8426012146150587,0.8707538820242247,0.8605419273452728
