,SNR,"Bagging, Noiseless","Bagging, Non-Robust","Bagging, Robust"
0,-40.0,0.810572574947148,16.340037024421974,9.037420622930021
1,-30.0,0.810572574947148,11.166415190650927,4.4269167930387745
2,-20.0,0.810572574947148,5.730948389215826,1.6167725248011129
3,-10.0,0.810572574947148,2.33166208952748,0.9218239031609105
4,0.0,0.810572574947148,1.110559542347451,0.8309704320763465
5,10.0,0.810572574947148,0.8932031221765273,0.8866711087635125
6,20.0,0.810572574947148,0.8864604619894524,0.9066892904361684
