,SNR,"GradBoost, Noiseless","GradBoost, Non-Robust","GradBoost, Robust"
0,-40.0,-3.8522460444619995,23.62758559113839,12.528654889353517
1,-30.0,-3.8522460444619995,18.62064218574259,7.533154189062293
2,-20.0,-3.8522460444619995,13.623353549824822,2.833808677328366
3,-10.0,-3.8522460444619995,8.687198788275012,-0.5760784792948036
4,0.0,-3.8522460444619995,3.742229960493715,-1.8675753472538332
5,10.0,-3.8522460444619995,-0.8048042548950729,-2.492741355676032
6,20.0,-3.8522460444619995,-3.261658426827734,-3.1792525373363323
