,SNR,"Bagging, Noiseless","Bagging, Non-Robust","Bagging, Robust"
0,-40.0,-0.21251500275529647,12.159005813484969,8.59306453248883
1,-30.0,-0.21251500275529647,7.2344270839559455,3.908638687010919
2,-20.0,-0.21251500275529647,2.7810094330019957,0.7613118040054496
3,-10.0,-0.21251500275529647,0.3473603966988733,-0.09569353669829682
4,0.0,-0.21251500275529647,-0.1540177903658465,-0.20298751067540916
5,10.0,-0.21251500275529647,-0.21425279970946856,-0.22194586821021298
6,20.0,-0.21251500275529647,-0.21820983771251784,-0.22492879079332273
