,SNR,"GradBoost, Noiseless","GradBoost, Non-Robust","GradBoost, Robust"
0,-40.0,42.21207522450275,25.37019808882396,22.730035977405695
1,-30.0,42.21207522450275,20.40148876613785,18.1465980836254
2,-20.0,42.21207522450275,15.342474320153718,13.260469007980166
3,-10.0,42.21207522450275,10.408699681911964,7.481957413504779
4,0.0,42.21207522450275,5.408380568966128,7.456008341241818
5,10.0,42.21207522450275,0.500188210373779,2.1308403610469027
6,20.0,42.21207522450275,-3.5337146409857634,-1.9910296430240348
