,SNR,"Bagging, Noiseless","Bagging, Non-Robust","Bagging, Robust"
0,-40.0,-0.024497475220377627,19.061414503288344,19.02591299607549
1,-30.0,-0.024497475220377627,14.040167324092252,-0.6780132891752487
2,-20.0,-0.024497475220377627,9.054023369517653,0.03571141082470743
3,-10.0,-0.024497475220377627,4.333344717335352,-0.8355600007380743
4,0.0,-0.024497475220377627,-0.1280574804134976,-1.2897699975585584
5,10.0,-0.024497475220377627,-2.027041139998706,-2.0892534069291266
6,20.0,-0.024497475220377627,-2.2488171303454614,-2.355533684594977
