,SNR,"Bagging, Noiseless","Bagging, Non-Robust","Bagging, Robust"
0,-40.0,-0.03437447480096451,19.041264590343474,19.056640500152408
1,-30.0,-0.03437447480096451,14.003580029409918,14.046726749173173
2,-20.0,-0.03437447480096451,9.0937685354616,9.097062332910088
3,-10.0,-0.03437447480096451,4.316412845728982,4.323589337390262
4,0.0,-0.03437447480096451,1.010285042208988,1.0061527602463258
5,10.0,-0.03437447480096451,0.09335354520549467,0.09323618193890046
6,20.0,-0.03437447480096451,-0.027552044537233058,-0.029382218758042356
