,SNR,"Bagging, Noiseless","Bagging, Non-Robust","Bagging, Robust"
0,-40.0,-1.3824267969589579,18.49819706528485,18.488399080479223
1,-30.0,-1.3824267969589579,13.493989305891454,13.496042517566327
2,-20.0,-1.3824267969589579,8.515732075039296,8.521716379830103
3,-10.0,-1.3824267969589579,3.758440243275932,3.7528046742740804
4,0.0,-1.3824267969589579,0.24306688506812696,0.25045587601951835
5,10.0,-1.3824267969589579,-0.8719149984646057,-0.8738549861237408
6,20.0,-1.3824267969589579,-1.207432794877217,-1.2070239009477162
