,SNR,"GradBoost, Noiseless","GradBoost, Non-Robust","GradBoost, Robust"
0,-40.0,41.19864639674282,28.448572297483725,43.75904239883765
1,-30.0,41.19864639674282,23.442601406275152,43.75885178603389
2,-20.0,41.19864639674282,18.450547746490127,19.71163299112132
3,-10.0,41.19864639674282,13.457229383569121,9.526747616001535
4,0.0,41.19864639674282,8.462329649139075,4.644111827994562
5,10.0,41.19864639674282,3.6422370996140825,0.5990348917883499
6,20.0,41.19864639674282,-0.12814713918201748,0.13970559229545315
