,SNR,"GradBoost, Noiseless","GradBoost, Non-Robust","GradBoost, Robust"
0,-40.0,42.10028647070469,17.577666704975663,10.612929187068476
1,-30.0,42.10028647070469,12.626811443796731,5.374916156206167
2,-20.0,42.10028647070469,7.646306775375075,3.759896425009144
3,-10.0,42.10028647070469,2.6636911187863213,0.6201723855318919
4,0.0,42.10028647070469,-1.9190404985363176,-2.136037824226287
5,10.0,42.10028647070469,-4.775778451929551,-3.791130578394248
6,20.0,42.10028647070469,-5.632913784281249,-6.761282401160935
