,SNR,"GradBoost, Noiseless","GradBoost, Non-Robust","GradBoost, Robust"
0,-40.0,42.3275205251373,23.436689299131327,23.532866585174755
1,-30.0,42.3275205251373,18.418258137936128,17.38328295780564
2,-20.0,42.3275205251373,13.435206305441445,2.8147965624919093
3,-10.0,42.3275205251373,8.410883014004495,0.5635561817448119
4,0.0,42.3275205251373,3.5127284040484597,0.46004836270389804
5,10.0,42.3275205251373,-0.9316744111328924,-0.8145748458668479
6,20.0,42.3275205251373,-3.2895832082508463,-2.938015694078333
