,SNR,"Bagging, Noiseless","Bagging, Non-Robust","Bagging, Robust"
0,-40.0,-0.04380098011910482,11.700942968719252,8.173264387345585
1,-30.0,-0.04380098011910482,6.8012633897457295,3.547091346582883
2,-20.0,-0.04380098011910482,2.4848551721433547,0.7299173923651037
3,-10.0,-0.04380098011910482,0.359141662041666,0.04506298097484763
4,0.0,-0.04380098011910482,0.011357392043092072,-0.007980943172096591
5,10.0,-0.04380098011910482,-0.036932288491572894,-0.05326861043345615
6,20.0,-0.04380098011910482,-0.028746184638576,-0.010205028944087296
